{"spot_diameter_fullres": 65.04429929586787, "tissue_hires_scalef": 0.25242963, "fiducial_diameter_fullres": 105.07156040101734, "tissue_lowres_scalef": 0.07572889}